us,ys
1.7640523,0.9308895
0.4001572,0.1471967
0.978738,-0.1238411
2.2408932,1.3974271
1.867558,0.4405101
-0.9772779,-3.2537728
0.9500884,0.2768977
-0.1513572,-0.7191391
-0.1032189,-1.4743014
0.4105985,0.5454758
0.1440436,-1.5831393
1.4542735,0.4771528
0.7610377,-0.3325542
0.121675,-0.1119354
0.4438632,0.1785426
